"resratio","mileage","vehage","mpg","congrade","modelyr"
0.060495625,78621,164,22,1,1997
0.055155992,109517,156,22,1,1997
0.107400998,96315,156,22,2,1997
0.069291181,147522,159,22,1,1997
0.055432945,119617,162,22,2,1997
0.130516365,133927,147,22,1,1998
0.038801925,128027,152,22,1,1998
0.063494613,124477,153,22,2,1998
0.069876269,110143,145,22,1,1998
0.11676849,999999,147,22,1,1998
0.134043505,117343,150,22,1,1998
0.080488849,113079,140,22,1,1999
0.165165991,108680,130,22,1,2000
0.069168498,118341,130,22,1,2000
0.15843001,91548,132,22,1,2000
0.209536464,93336,139,22,1,2000
0.122655491,133227,141,22,1,2000
0.185217657,51457,120,22,1,2000
0.144701173,132562,122,22,1,2000
0.225733585,90713,122,22,1,2000
0.219945516,109203,123,22,1,2000
0.283614277,94473,124,22,2,2000
0.156277311,76865,128,22,1,2000
0.133125035,137017,130,22,1,2000
0.208369934,93556,131,22,2,2000
0.200144549,71024,134,22,1,2000
0.127870128,106407,135,22,1,2000
0.088953133,134792,135,22,1,2000
0.169566909,140811,137,22,1,2000
0.21126369,123310,137,22,2,2000
0.227942403,93336,139,22,1,2000
0.13898927,111808,139,22,1,2000
0.133429699,128306,141,22,1,2000
0.133429699,133227,141,22,1,2000
0.122310558,96123,143,22,1,2000
0.115643379,131122,113,22,1,2001
0.109556855,100939,116,22,1,2001
0.116924876,141065,124,22,1,2001
0.409237065,65576,125,22,2,2001
0.409237065,65576,125,22,2,2001
0.298158433,60414,128,22,2,2001
0.187079801,98897,129,22,1,2001
0.187079801,98897,129,22,1,2001
0.140309851,114514,131,22,1,2001
0.137648106,99735,108,22,1,2001
0.132353928,119494,109,22,1,2001
0.185295703,91424,112,22,1,2001
0.150883295,145285,112,22,1,2001
0.195884058,102940,113,22,1,2001
0.079412154,114963,114,22,1,2001
0.092647852,146170,116,22,1,2001
0.158824816,105610,117,22,1,2001
0.185295703,73027,118,22,2,2001
0.174707348,126257,119,22,2,2001
0.177981185,90471,122,22,1,2001
0.172896008,96447,123,22,1,2001
0.094075769,92671,128,22,1,2001
0.149731718,99735,108,22,1,2001
0.138213851,137168,108,22,1,2001
0.132454918,115756,108,22,1,2001
0.158369842,120912,108,22,1,2001
0.158369842,120912,108,22,1,2001
0.086383449,123910,108,22,1,2001
0.230356234,92865,109,22,1,2001
0.143972785,125081,109,22,1,2001
0.120937051,126042,109,22,2,2001
0.161249585,114963,110,22,1,2001
0.184285319,138673,110,22,1,2001
0.224597301,98402,110,22,1,2001
0.184285319,96361,111,22,2,2001
0.236115168,95133,111,22,1,2001
0.210200243,99477,112,22,1,2001
0.169887709,109354,112,22,1,2001
0.169887709,109354,112,22,1,2001
0.264909835,96449,112,22,3,2001
0.158369842,121407,113,22,1,2001
0.158369842,121407,113,22,1,2001
0.172767452,88897,113,22,1,2001
0.172767452,88897,113,22,1,2001
0.086383449,114963,114,22,1,2001
0.259150902,85268,114,22,1,2001
0.086383449,113476,114,22,3,2001
0.086383449,113476,114,22,3,2001
0.109419184,119208,115,22,1,2001
0.218838367,86827,115,22,2,2001
0.184285319,106513,115,22,1,2001
0.149731718,120012,115,22,1,2001
0.10078106,146170,116,22,1,2001
0.115178117,129810,117,22,1,2001
0.287945569,76820,117,22,2,2001
0.149731718,99732,117,22,1,2001
0.115178117,102342,117,22,1,2001
0.109419184,87947,118,22,1,2001
0.155490652,110977,119,22,1,2001
0.149352805,142175,120,22,1,2001
0.182542317,74459,120,22,2,2001
0.204668658,96524,121,22,1,2001
0.088505366,122804,121,22,1,2001
0.094036951,143377,121,22,1,2001
0.23785817,79844,121,22,2,2001
0.23785817,99860,122,22,1,2001
0.182542317,107121,122,22,2,2001
0.182542317,107121,122,22,2,2001
0.188073902,96447,123,22,1,2001
0.210200243,117048,123,22,2,2001
0.088505366,134886,123,22,1,2001
0.135523841,119822,124,22,1,2001
0.265516097,83101,124,22,2,2001
0.110631707,147589,125,22,1,2001
0.179776524,129267,125,22,2,2001
0.179776524,129267,125,22,2,2001
0.276579268,71173,126,22,2,2001
0.149352805,107368,127,22,1,2001
0.160415975,87346,128,22,1,2001
0.160415975,87346,128,22,1,2001
0.160415975,83196,128,22,1,2001
0.160415975,83196,128,22,1,2001
0.298705609,52339,128,22,1,2001
0.171479146,139834,129,22,1,2001
0.199137073,117994,130,22,1,2001
0.171479146,103128,131,22,1,2001
0.138289634,142647,131,22,1,2001
0.201177727,72002,108,22,2,2001
0.206471904,87922,112,22,2,2001
0.219707602,86713,113,22,1,2001
0.153530638,123547,119,22,1,2001
0.198321892,111891,120,22,1,2001
0.172896008,100617,123,22,1,2001
0.101703534,63749,124,22,1,2001
0.146331509,114233,110,22,1,2001
0.154170473,112205,114,22,1,2001
0.133025451,143421,126,22,2,2001
0.141715126,144780,97,23,1,2002
0.130377872,81662,101,23,1,2002
0.192732767,60926,104,23,1,2002
0.153052379,73675,105,23,1,2002
0.155886421,100164,106,23,1,2002
0.155886421,100164,106,23,1,2002
0.185124687,122180,110,23,1,2002
0.114341718,133194,112,23,1,2002
0.13067625,134992,113,23,1,2002
0.190569531,100300,114,23,2,2002
0.190569531,86438,115,23,1,2002
0.141274624,134049,96,22,1,2002
0.20460437,83201,98,22,1,2002
0.170503954,117984,98,22,1,2002
0.180247064,101704,102,22,1,2002
0.159094099,109582,110,22,1,2002
0.152075242,110102,112,22,1,2002
0.084226288,91188,112,22,1,2002
0.299471246,94207,113,22,1,2002
0.163773338,94500,117,22,1,2002
0.276075055,54908,119,22,1,2002
0.251524108,82337,96,23,3,2002
0.123086255,118992,97,23,1,2002
0.267578904,76197,97,23,2,2002
0.267578904,76197,97,23,2,2002
0.235469312,65484,97,23,1,2002
0.235469312,65484,97,23,1,2002
0.240820911,85644,97,23,2,2002
0.165899044,133763,97,23,1,2002
0.251524108,94458,98,23,1,2002
0.157871389,107894,98,23,1,2002
0.198008636,78053,99,99,1,2002
0.176602241,98698,99,23,1,2002
0.224766115,82238,100,23,1,2002
0.230117714,102226,100,23,3,2002
0.230117714,102226,100,99,3,2002
0.187305438,124460,101,23,2,2002
0.235469312,96110,101,23,1,2002
0.224766115,87260,102,23,1,2002
0.187305438,89931,102,23,1,2002
0.133789452,126984,103,23,1,2002
0.069570268,138221,103,23,1,2002
0.149844248,118588,105,23,1,2002
0.198008636,80612,105,23,1,2002
0.235469312,84246,105,23,1,2002
0.18195384,84251,105,23,1,2002
0.18195384,84251,105,23,1,2002
0.133789452,91875,106,23,1,2002
0.133789452,91875,106,23,1,2002
0.20335972,97519,106,23,1,2002
0.160547445,118427,106,23,2,2002
0.123086255,112149,107,23,1,2002
0.256875707,50314,107,23,2,2002
0.107031459,130446,107,23,1,2002
0.208183407,118124,108,23,3,2002
0.208183407,118124,108,23,3,2002
0.226174566,97786,108,23,2,2002
0.138788938,89928,108,23,1,2002
0.164490593,94404,110,23,2,2002
0.154209931,121726,110,23,1,2002
0.231314897,76766,111,23,2,2002
0.215893904,96809,111,23,1,2002
0.221034235,108170,112,23,1,2002
0.179911586,136079,112,23,1,2002
0.102806621,139942,112,23,1,2002
0.303279531,82914,999,23,2,2002
0.303279531,78383,114,23,2,2002
0.228744731,99152,114,23,1,2002
0.190192248,84160,114,23,1,2002
0.102806621,101801,114,23,1,2002
0.210753573,69327,115,23,1,2002
0.143929269,73500,116,23,1,2002
0.174771255,122968,117,23,1,2002
0.128508276,147846,119,23,2,2002
0.109609752,104052,98,22,1,2002
0.207040382,77092,101,22,1,2002
0.182682607,84452,103,22,1,2002
0.194861261,85856,103,22,1,2002
0.20460437,58276,105,22,2,2002
0.21434748,68338,106,22,1,2002
0.146146179,77615,999,22,1,2002
0.10717374,90235,107,22,1,2002
0.11691685,139026,107,22,1,2002
0.084226288,112459,109,22,1,2002
0.201207243,77737,110,22,1,2002
0.173131814,97133,111,22,1,2002
0.276075055,93986,115,22,2,2002
0.161433719,94112,117,22,1,2002
0.276075055,63510,117,22,2,2002
0.093584764,94795,118,22,1,2002
0.169384213,97486,103,22,2,2002
0.20018094,82293,105,22,1,2002
0.118325691,95964,118,22,1,2002
0.182895045,78368,101,22,1,2002
0.200499759,96897,84,22,1,2003
0.22556235,90065,85,22,2,2003
0.210524795,99819,87,22,1,2003
0.215537313,100819,87,22,1,2003
0.215537313,65517,88,22,1,2003
0.270675012,80757,89,22,1,2003
0.22556235,71721,90,22,1,2003
0.235587386,99557,90,22,1,2003
0.195487241,107889,91,22,1,2003
0.22556235,95894,95,22,1,2003
0.235587386,107262,95,22,1,2003
0.211844006,58997,96,22,1,2003
0.125180549,105711,96,22,2,2003
0.134809822,128201,96,22,1,2003
0.221473279,87898,96,22,2,2003
0.361097737,77337,98,22,1,2003
0.231102552,118682,99,22,1,2003
0.216658642,85668,100,22,1,2003
0.269619644,84858,101,22,1,2003
0.264805007,66888,102,22,1,2003
0.259990371,64006,103,22,2,2003
0.300914781,81562,104,22,1,2003
0.154068368,112047,104,22,1,2003
0.139624458,97056,105,22,1,2003
0.168512277,91846,106,22,1,2003
0.194992778,105956,106,22,2,2003
0.182956187,96642,107,22,1,2003
0.197400096,95128,107,22,1,2003
0.15902976,111816,84,23,1,2003
0.252253885,62936,84,23,1,2003
0.18370661,95520,85,23,2,2003
0.230318673,85651,86,23,2,2003
0.233060838,79906,86,23,1,2003
0.22483487,82834,86,23,1,2003
0.252253885,90203,86,23,1,2003
0.271447459,87259,87,99,1,2003
0.175481169,106415,87,23,1,2003
0.175481169,107950,88,23,1,2003
0.290640506,47168,88,23,2,2003
0.095966289,132889,89,23,1,2003
0.211125625,93675,90,23,1,2003
0.18370661,84875,92,23,2,2003
0.186448775,87609,92,23,1,2003
0.197416381,104175,999,23,1,2003
0.246770082,81404,92,23,1,2003
0.230318673,84753,93,23,1,2003
0.164513563,123965,93,23,1,2003
0.213867264,80264,93,23,1,2003
0.175481169,120102,95,23,1,2003
0.205425336,101508,97,23,1,2003
0.210692652,92089,98,23,2,2003
0.205425336,106860,98,23,1,2003
0.215959968,128471,99,23,1,2003
0.263365815,97374,100,23,3,2003
0.197524361,99936,101,23,2,2003
0.268633131,85864,101,23,2,2003
0.268633131,85864,101,23,2,2003
0.184356071,109222,102,23,1,2003
0.184356071,109222,102,23,1,2003
0.173821438,134906,103,23,1,2003
0.247563866,119478,104,23,1,2003
0.184356071,94557,104,23,2,2003
0.173821438,115490,107,23,1,2003
0.100291322,86106,103,22,1,2003
0.224502486,104499,85,22,1,2003
0.325812229,35110,85,22,1,2003
0.238247591,101924,86,22,1,2003
0.265737799,65344,90,22,1,2003
0.148904634,119849,93,22,1,2003
0.151195705,118636,94,22,1,2003
0.247410993,61988,95,22,3,2003
0.132024821,100292,96,22,1,2003
0.220041368,93904,97,22,1,2003
0.202438058,85120,97,22,1,2003
0.070413238,140818,97,22,1,2003
0.250847159,71523,100,22,1,2003
0.189235576,102701,102,22,1,2003
0.176033094,111255,104,22,1,2003
0.16723144,103292,104,22,1,2003
0.160400096,92573,84,23,2,2003
0.205512277,115538,85,23,3,2003
0.325812229,35110,85,23,1,2003
0.187968705,82305,85,23,1,2003
0.190474723,115979,85,23,1,2003
0.220549831,90685,85,23,1,2003
0.260649976,65250,86,23,2,2003
0.230574868,80185,86,23,1,2003
0.27568753,70461,86,23,1,2003
0.260649976,101924,86,23,1,2003
0.325812229,65615,87,23,1,2003
0.160400096,101143,87,23,1,2003
0.200499759,123247,88,23,1,2003
0.165412614,98357,88,23,1,2003
0.170425132,123398,88,23,1,2003
0.215537313,113557,88,23,1,2003
0.360899856,33143,89,23,2,2003
0.360899856,33143,89,23,2,2003
0.230574868,100783,89,23,1,2003
0.170425132,98325,90,23,2,2003
0.22556235,90481,90,23,1,2003
0.22556235,90481,90,23,1,2003
0.285712566,69117,90,23,1,2003
0.22556235,91289,91,23,1,2003
0.145362542,74581,91,23,1,2003
0.195487241,106493,91,23,1,2003
0.135337506,133655,91,23,2,2003
0.160400096,141857,91,23,1,2003
0.195487241,128815,92,23,1,2003
0.210524795,73309,92,23,1,2003
0.165412614,108746,93,23,2,2003
0.190474723,144666,93,23,1,2003
0.220549831,76146,94,23,1,2003
0.15037506,94020,94,23,1,2003
0.135337506,105739,94,23,1,2003
0.145362542,101893,94,23,1,2003
0.165412614,88343,95,23,1,2003
0.210524795,80364,95,23,2,2003
0.15037506,146272,95,23,1,2003
0.115551276,141257,96,23,1,2003
0.154068368,102172,96,23,1,2003
0.125180549,119087,97,99,1,2003
0.139624458,122266,97,23,1,2003
0.221473279,85120,97,23,1,2003
0.240731825,91576,98,23,2,2003
0.346653828,63050,98,23,2,2003
0.101107366,131090,98,23,1,2003
0.269619644,80583,98,23,1,2003
0.255175734,76197,99,23,1,2003
0.255175734,76197,99,23,1,2003
0.168512277,125175,99,23,1,2003
0.216658642,73650,100,23,1,2003
0.216658642,73650,100,23,1,2003
0.175734232,147352,100,23,1,2003
0.341839191,46812,100,23,3,2003
0.327395282,75738,101,23,1,2003
0.139624458,116654,101,23,1,2003
0.207029369,118683,101,23,1,2003
0.235917188,97413,101,23,1,2003
0.163697641,73355,102,23,1,2003
0.187770823,99241,102,23,2,2003
0.168512277,147265,103,23,2,2003
0.158883004,93800,104,23,1,2003
0.163697641,149769,105,23,1,2003
0.149253731,88637,105,23,1,2003
0.194992778,147965,105,23,2,2003
0.163697641,103567,106,23,1,2003
0.240731825,88336,106,23,1,2003
0.120365912,140133,107,23,1,2003
0.101107366,112012,107,23,2,2003
0.263495927,106346,87,22,2,2003
0.249123372,82013,92,22,1,2003
0.306613133,73608,94,22,3,2003
0.057490221,96814,95,22,1,2003
0.220378261,86799,95,22,1,2003
0.138051631,97589,97,22,1,2003
0.243891215,118136,101,22,2,2003
0.202475726,64580,102,22,1,2003
0.193272284,71387,105,22,1,2003
0.193272284,82606,107,22,2,2003
0.124246468,97078,107,22,1,2003
0.225754413,73523,999,23,1,2003
0.176500252,146384,104,23,3,2003
0.105900151,133803,105,23,1,2003
0.256210115,63151,86,22,1,2003
0.148045339,72608,96,22,2,2003
0.194309507,84849,99,22,1,2003
0.044174304,141610,90,22,2,2003
0.110435336,131626,92,22,1,2003
0.220638153,83860,102,22,1,2003
0.222551518,64594,72,22,1,2004
0.186943138,73481,73,22,1,2004
0.244806755,83869,999,22,3,2004
0.311572039,69078,74,22,1,2004
0.204747328,103645,75,22,2,2004
0.267061992,75693,75,22,1,2004
0.222551518,70873,76,22,2,2004
0.186943138,90172,76,22,1,2004
0.436200941,44238,76,22,1,2004
0.164688328,102360,77,22,1,2004
0.244806755,80842,77,22,2,2004
0.244806755,80842,77,22,2,2004
0.195845233,83559,79,22,1,2004
0.222551518,83636,79,22,1,2004
0.289316802,62938,79,22,2,2004
0.222551518,42709,80,22,1,2004
0.25370885,58217,81,22,1,2004
0.462907225,62875,81,22,2,2004
0.222551518,90895,83,22,1,2004
0.25370885,62666,83,22,2,2004
0.204747328,72420,83,22,1,2004
0.21810047,86750,83,22,1,2004
0.25651988,80016,86,22,1,2004
0.252244549,116829,86,22,1,2004
0.153911928,124432,87,22,1,2004
0.252244549,73586,87,22,2,2004
0.235143224,95387,89,22,2,2004
0.196665242,61533,90,22,1,2004
0.273621206,111938,91,22,2,2004
0.243693886,101082,91,22,1,2004
0.25651988,79674,91,22,1,2004
0.247969218,71804,92,22,1,2004
0.183839248,91535,93,22,1,2004
0.252244549,71603,94,22,1,2004
0.288584865,82280,94,22,2,2004
0.153911928,93665,999,22,1,2004
0.175288585,113019,94,22,1,2004
0.175288585,123574,94,22,1,2004
0.19238991,95648,95,22,2,2004
0.200940573,95062,95,22,2,2004
0.175288585,95653,95,22,2,2004
0.171013254,72559,95,22,1,2004
0.187353591,98608,72,24,2,2004
0.353294771,48320,72,24,3,2004
0.224823898,103167,72,24,1,2004
0.31047149,999999,74,24,1,2004
0.160588719,90248,75,24,1,2004
0.219470924,117236,76,24,1,2004
0.251588771,97004,76,24,1,2004
0.251588771,63487,78,99,1,2004
0.240882822,71600,78,24,1,2004
0.342588822,51771,79,24,2,2004
0.315824464,48590,79,24,2,2004
0.256941745,71013,79,24,1,2004
0.187353591,84305,80,24,1,2004
0.187353591,84305,80,24,1,2004
0.278353643,65459,82,24,1,2004
0.246235796,71676,83,24,1,2004
0.236516016,71163,84,24,2,2004
0.303357499,999999,85,24,2,2004
0.303357499,75580,85,24,2,2004
0.246799321,91528,86,24,1,2004
0.236516016,68985,86,24,1,2004
0.282790889,88186,87,24,1,2004
0.308499152,76868,88,24,2,2004
0.334207414,70042,88,24,1,2004
0.370198982,67037,88,24,2,2004
0.236516016,96789,91,24,1,2004
0.185099491,106872,91,24,1,2004
0.218520232,103142,94,24,1,2004
0.323924109,61511,95,24,2,2004
0.323924109,61511,95,24,2,2004
0.236108951,85536,73,24,2,2004
0.337298436,57380,73,24,2,2004
0.337298436,57380,73,24,2,2004
0.327661298,54340,74,24,1,2004
0.212016107,94683,74,24,1,2004
0.260201796,117985,74,99,1,2004
0.274657503,52799,75,24,1,2004
0.409576969,50105,75,24,2,2004
0.216834676,56541,76,24,1,2004
0.106008053,142358,77,24,1,2004
0.308387022,52676,77,24,2,2004
0.1975604,60436,77,24,1,2004
0.245746089,73888,79,24,2,2004
0.255383227,89654,79,24,2,2004
0.351754142,56772,79,24,2,2004
0.255383227,82893,80,24,1,2004
0.18069564,99799,80,24,1,2004
0.216834676,105455,80,24,1,2004
0.24092752,93102,81,24,1,2004
0.178286587,116453,81,24,2,2004
0.178286587,107606,82,24,1,2004
0.1975604,71627,82,24,1,2004
0.250564658,108325,83,24,2,2004
0.194390447,113431,84,24,1,2004
0.171248727,96302,84,24,2,2004
0.300842359,66222,85,24,2,2004
0.238359715,93955,85,24,1,2004
0.33786911,68092,87,24,2,2004
0.259187263,71526,87,24,1,2004
0.259187263,71526,87,24,1,2004
0.268443951,70744,87,24,1,2004
0.268443951,70744,87,24,1,2004
0.263815607,98398,88,24,2,2004
0.157363695,96477,88,24,2,2004
0.305470703,75181,88,24,2,2004
0.342497454,69266,89,24,2,2004
0.277700639,70504,89,24,1,2004
0.148107007,121983,90,24,1,2004
0.185133759,105506,90,24,1,2004
0.185133759,114066,90,24,1,2004
0.314727391,96012,90,24,1,2004
0.291585671,68152,91,24,1,2004
0.291585671,68152,91,24,1,2004
0.282328983,98582,91,24,2,2004
0.175877071,139684,92,24,1,2004
0.236045543,101454,92,24,2,2004
0.231417199,72441,93,24,1,2004
0.222160511,82997,93,24,1,2004
0.171248727,102978,93,24,1,2004
0.226788855,75975,94,24,1,2004
0.171248727,134453,94,24,1,2004
0.185133759,109407,95,24,1,2004
0.291585671,57357,95,24,1,2004
0.319355735,75481,95,24,2,2004
0.195382796,90275,90,24,1,2004
0.261789748,63789,79,22,1,2004
0.143373919,111965,95,22,1,2004
0.195017308,92693,84,23,2,2004
0.243418475,61457,82,23,2,2004
0.308805364,67647,87,23,2,2004
0.308805364,67647,87,23,2,2004
0.352920416,42642,90,23,2,2004
0.276529939,68792,61,22,1,2005
0.221224103,94027,63,22,1,2005
0.296282158,68969,63,22,1,2005
0.38714199,65729,64,22,2,2005
0.227669424,95878,78,22,2,2005
0.28458678,62053,80,22,2,2005
0.227669424,89813,81,22,1,2005
0.235258405,86692,83,22,1,2005
0.424982925,59794,83,22,3,2005
0.221224103,98804,60,22,2,2005
0.345662518,55050,62,22,2,2005
0.252827275,70734,63,22,1,2005
0.268629051,85551,64,22,1,2005
0.36738977,49082,66,22,1,2005
0.359488882,69425,67,22,2,2005
0.193570995,106227,68,22,1,2005
0.359488882,44391,68,22,2,2005
0.276529939,84797,70,22,2,2005
0.118512939,98672,70,22,2,2005
0.201107991,97852,72,22,1,2005
0.387038021,68383,73,22,2,2005
0.265614328,83651,76,22,1,2005
0.151779616,116901,77,22,1,2005
0.223948784,91832,60,24,2,2005
0.250609475,101717,60,24,2,2005
0.357251729,63988,62,24,1,2005
0.447898079,51092,68,24,3,2005
0.421237388,53598,69,24,2,2005
0.191956466,90101,71,24,1,2005
0.111974392,73978,71,24,1,2005
0.163892446,113462,73,24,1,2005
0.414852753,62203,73,24,3,2005
0.414852753,67542,75,24,3,2005
0.307298335,92361,76,24,3,2005
0.291933419,68655,77,24,1,2005
0.348271447,73185,79,24,1,2005
0.138284251,132532,82,24,1,2005
0.215108835,112803,82,24,2,2005
0.321874394,40489,60,24,1,2005
0.384327904,59682,62,24,3,2005
0.30265793,70252,65,24,2,2005
0.245008998,63351,65,24,1,2005
0.269029579,67938,66,24,1,2005
0.374719671,30026,66,24,2,2005
0.312266162,72327,68,24,3,2005
0.249813114,60918,69,24,1,2005
0.240204882,72267,69,24,1,2005
0.369915555,32253,70,24,2,2005
0.311476166,80347,72,24,3,2005
0.29532555,71016,73,24,1,2005
0.29532555,71016,73,24,1,2005
0.281482165,119616,76,24,2,2005
0.198421854,118804,76,24,1,2005
0.299940012,63925,77,24,1,2005
0.276867703,91987,78,24,1,2005
0.293018319,74581,79,24,1,2005
0.184578469,123815,80,24,1,2005
0.3737714,55770,80,24,2,2005
0.318397859,55081,81,24,1,2005
0.318397859,55081,81,24,1,2005
0.396592552,49787,48,25,2,2006
0.364217523,65700,48,25,1,2006
0.412780067,52616,48,25,2,2006
0.453248853,53547,48,25,2,2006
0.400639431,44760,49,25,1,2006
0.445155096,41088,50,25,3,2006
0.485623494,42364,51,25,1,2006
0.485623494,42364,51,25,1,2006
0.43301446,55369,51,25,2,2006
0.376358159,59820,52,25,1,2006
0.485623494,43332,53,25,1,2006
0.453248853,39070,53,25,2,2006
0.331842883,30980,54,25,1,2006
0.461342222,33651,56,25,2,2006
0.461342222,33651,56,25,2,2006
0.303514732,65418,56,25,2,2006
0.315655368,55393,57,25,1,2006
0.343983519,96955,58,25,3,2006
0.374334914,45210,59,25,1,2006
0.279872503,96969,61,25,1,2006
0.353727746,80516,63,25,2,2006
0.239057763,104170,66,25,1,2006
0.291533857,67000,68,25,1,2006
0.45362767,37936,48,25,2,2006
0.45362767,37936,48,25,2,2006
0.40144058,72091,52,25,1,2006
0.277627824,88692,70,25,2,2006
0.452463752,48604,48,25,1,2006
0.561679218,18482,49,25,1,2006
0.546076955,39200,50,25,3,2006
0.413458469,58493,52,25,1,2006
0.304243003,81821,55,25,1,2006
0.354949983,61202,56,25,2,2006
0.499270541,39919,56,25,2,2006
0.402757484,59541,67,25,2,2006
0.385897868,52871,70,25,1,2006
0.473376789,44451,48,25,3,2006
0.425299279,59175,48,25,1,2006
0.406808284,59118,48,25,1,2006
0.543643565,28148,49,25,3,2006
0.340239423,69697,49,25,1,2006
0.49556641,41841,49,25,3,2006
0.443790629,57138,49,25,2,2006
0.562134915,44385,50,25,3,2006
0.517755675,45610,50,25,2,2006
0.49556641,42610,51,25,2,2006
0.414204824,47217,51,25,1,2006
0.436394089,48098,51,25,1,2006
0.358730773,66208,51,25,1,2006
0.399411744,59641,52,25,1,2006
0.443790629,43175,52,25,2,2006
0.471527477,60001,53,25,2,2006
0.443790629,60594,53,25,2,2006
0.329144613,63170,53,25,3,2006
0.340239423,57804,56,25,1,2006
0.329144613,48116,57,25,1,2006
0.295860538,70389,59,25,1,2006
0.295860538,70389,59,25,1,2006
0.380920394,67534,59,25,2,2006
0.330361266,73361,60,25,1,2006
0.330361266,73361,60,25,1,2006
0.234449931,117516,61,25,1,2006
0.351674896,82156,65,25,2,2006
0.284181734,90184,67,25,1,2006
0.355227168,66921,70,25,1,2006
0.319704451,58355,71,25,1,2006
0.426006082,51917,49,25,3,2006
0.355656205,56267,49,25,1,2006
0.453363991,59752,51,25,1,2006
0.414281102,44870,57,25,2,2006
0.437731061,51348,58,25,2,2006
0.364141452,53171,60,25,2,2006
0.300322847,99329,70,25,2,2006
0.193332833,115601,71,25,1,2006
0.233612008,113622,51,25,1,2006
0.39643287,36818,51,25,1,2006
0.350418182,54779,52,25,2,2006
0.415900452,59826,53,25,2,2006
0.415900452,59826,53,25,2,2006
0.368116139,63358,54,25,2,2006
0.353957774,60337,56,25,1,2006
0.375195322,79191,55,25,3,2006
0.594862537,29521,36,25,2,2007
0.469855499,40394,37,25,2,2007
0.612105002,35480,37,25,3,2007
0.603483769,29993,38,25,3,2007
0.568999255,41440,38,25,2,2007
0.568999255,41440,38,25,2,2007
0.616415618,31320,39,25,1,2007
0.560378023,38465,39,25,3,2007
0.517271862,59882,40,25,3,2007
0.568999255,41295,40,25,2,2007
0.53020371,45007,40,25,2,2007
0.465544882,47473,40,25,2,2007
0.504340013,39894,41,25,2,2007
0.556067406,22706,42,25,2,2007
0.478476731,45790,42,25,2,2007
0.534514326,41952,43,25,2,2007
0.534514326,41952,43,25,2,2007
0.452613034,73289,43,25,2,2007
0.431059954,59742,44,25,1,2007
0.448302418,38405,44,25,3,2007
0.409506873,69349,45,25,1,2007
0.484942448,53565,46,25,2,2007
0.529976814,25012,48,25,2,2007
0.529976814,25012,48,25,2,2007
0.50513415,56615,49,25,3,2007
0.4720106,56604,50,25,2,2007
0.455448824,39464,50,25,1,2007
0.521695926,37577,51,25,1,2007
0.529976814,31927,51,25,1,2007
0.546538589,50212,52,25,1,2007
0.382991057,44201,54,25,1,2007
0.28983107,120940,55,25,1,2007
0.476002057,40487,36,25,3,2007
0.408568544,47563,40,25,1,2007
0.436335442,38743,41,25,1,2007
0.480073154,64099,51,25,2,2007
0.495313572,54370,52,25,2,2007
0.609616703,10935,53,25,2,2007
0.342909396,70281,58,25,1,2007
0.560244738,49527,36,25,3,2007
0.533383583,44029,37,25,2,2007
0.48349895,31976,38,25,1,2007
0.521872028,31243,38,25,2,2007
0.675363606,18116,40,25,3,2007
0.506522797,57218,41,25,2,2007
0.48349895,44674,42,25,1,2007
0.579431278,36926,43,25,3,2007
0.579431278,36926,43,25,3,2007
0.610129741,18304,44,25,3,2007
0.471987026,40237,45,25,2,2007
0.471987026,40237,45,25,2,2007
0.468149718,49297,45,25,1,2007
0.391403929,69608,46,25,1,2007
0.391403929,69608,46,25,1,2007
0.521872028,42661,47,25,2,2007
0.486528326,67493,55,25,3,2007
0.361210424,65089,58,25,1,2007
0.288083083,76060,36,25,1,2007
0.504145135,39660,37,25,1,2007
0.54015565,35129,37,25,2,2007
0.500544084,58969,38,25,1,2007
0.475337069,63695,39,25,2,2007
0.507746187,14863,40,25,1,2007
0.532953547,20586,40,25,1,2007
0.468134966,49540,40,25,2,2007
0.619378437,31899,41,25,3,2007
0.576166165,33623,41,25,1,2007
0.583368268,36822,41,25,2,2007
0.633782643,11564,42,25,2,2007
0.543756702,14981,45,25,1,2007
0.468134966,48718,46,25,2,2007
0.468134966,48718,46,25,2,2007
0.594171077,23446,46,25,2,2007
0.250769603,81523,48,25,1,2007
0.250769603,81523,48,25,1,2007
0.671024869,25595,52,25,3,2007
0.525751444,60852,53,25,2,2007
0.422102392,31191,38,25,1,2007
0.524831584,38511,41,25,2,2008
0.626664578,28198,42,25,2,2008
0.660573398,20573,24,25,2,2008
0.57086558,26962,32,25,3,2008
0.652418142,38619,35,25,3,2008
0.430831897,75011,42,25,2,2008
0.368165439,76305,46,25,3,2008
0.680961147,28641,28,25,2,2008
0.428149381,53315,30,25,1,2008
0.428149381,53315,30,25,1,2008
0.591253721,42954,32,25,3,2008
0.546400204,46337,34,25,1,2008
0.660573398,47902,35,25,2,2008
0.660573398,47902,35,25,2,2008
0.65603948,26785,36,25,2,2008
0.509164969,50790,36,25,3,2008
0.681497728,27419,36,25,3,2008
0.595331349,44179,36,25,2,2008
0.55812314,49650,37,25,2,2008
0.485665048,52271,37,25,1,2008
0.485665048,52271,37,25,1,2008
0.485665048,52271,37,25,1,2008
0.685414382,10309,37,25,3,2008
0.646247846,48397,38,25,2,2008
0.634497885,34062,38,25,2,2008
0.524831584,29285,38,25,1,2008
0.56399812,60999,38,25,2,2008
0.540498198,61221,38,25,1,2008
0.509164969,35614,38,25,2,2008
0.518956603,68213,40,25,1,2008
0.509164969,63744,41,25,2,2008
0.538539872,37364,41,25,3,2008
0.767664108,13783,42,25,2,2008
0.622747924,48749,43,25,3,2008
0.344665518,98411,44,25,2,2008
0.669747768,33211,44,25,3,2008
0.567914774,52586,46,25,2,2008
0.659064302,24731,24,25,2,2008
0.598123401,17835,24,25,3,2008
0.598123401,17835,24,25,3,2008
0.713234185,22463,999,25,3,2008
0.776431947,12767,25,25,2,2008
0.67712093,18412,26,25,2,2008
0.780946104,8490,26,25,4,2008
0.762889477,11402,26,25,3,2008
0.668092616,18425,26,25,2,2008
0.641007675,17303,26,25,1,2008
0.586838226,56964,27,25,2,2008
0.641007675,22559,27,25,1,2008
0.659064302,29992,27,25,3,2008
0.523640029,17795,28,25,1,2008
0.641007675,14109,28,25,2,2008
0.713234185,22651,29,25,1,2008
0.631979361,24477,29,25,2,2008
0.631979361,18384,29,25,1,2008
0.67712093,12546,29,25,2,2008
0.686149243,29056,30,25,2,2008
0.650035988,26160,30,25,2,2008
0.645521832,32244,30,25,3,2008
0.645521832,32244,30,25,3,2008
0.604894853,20048,30,25,2,2008
0.550724971,11916,31,25,1,2008
0.731290812,33713,31,25,2,2008
0.756118458,999999,31,25,3,2008
0.704205871,25699,31,25,3,2008
0.559753284,21050,31,25,1,2008
0.713234185,25487,31,25,3,2008
0.713234185,25487,31,25,3,2008
0.460442267,67400,31,25,1,2008
0.731290812,12634,32,25,3,2008
0.699691714,11096,32,25,2,2008
0.631979361,30141,32,25,3,2008
0.496555522,60050,32,25,3,2008
0.519125873,21757,32,25,1,2008
0.519125873,21757,32,25,1,2008
0.595866539,36859,32,25,1,2008
0.654550145,10251,32,25,2,2008
0.618437324,20354,33,25,2,2008
0.586838226,15617,33,25,1,2008
0.595866539,31257,33,25,3,2008
0.60940901,34266,33,25,3,2008
0.713234185,15966,33,25,2,2008
0.406272384,43769,33,25,1,2008
0.695177557,26423,34,25,2,2008
0.654550145,23288,34,25,2,2008
0.744832849,13384,34,25,2,2008
0.650035988,26702,35,25,3,2008
0.650035988,26702,35,25,3,2008
0.487527208,56830,35,25,2,2008
0.650035988,36594,35,25,2,2008
0.559753284,25883,35,25,3,2008
0.713234185,32558,35,25,2,2008
0.685079998,16792,36,25,3,2008
0.689415948,10245,36,25,2,2008
0.685079998,16792,36,25,3,2008
0.689415948,10245,36,25,2,2008
0.550665568,29885,36,25,2,2008
0.589689112,31623,36,25,2,2008
0.502970125,49064,36,25,1,2008
0.325196202,65789,36,25,2,2008
0.63955253,37782,37,25,2,2008
0.572345315,37817,37,25,2,2008
0.260156961,46474,37,25,1,2008
0.546329619,45830,37,25,1,2008
0.466114556,51470,37,25,1,2008
0.594025062,54247,38,25,3,2008
0.581017214,24635,38,25,1,2008
0.667736201,31614,38,25,1,2008
0.615704809,53208,38,25,2,2008
0.598361011,40315,38,25,3,2008
0.702423796,9521,38,25,2,2008
0.702423796,9521,38,25,2,2008
0.598361011,40693,38,25,1,2008
0.654728353,36843,39,25,2,2008
0.650392403,38281,39,25,2,2008
0.589689112,36474,39,25,1,2008
0.685079998,22174,40,25,2,2008
0.620040758,36376,40,25,2,2008
0.67207215,48913,40,25,2,2008
0.594025062,21471,40,25,1,2008
0.594025062,21471,40,25,1,2008
0.6764081,40868,41,25,2,2008
0.6764081,33144,41,25,2,2008
0.598361011,55441,41,25,1,2008
0.715431644,34744,41,25,3,2008
0.572345315,29523,42,25,1,2008
0.572345315,29881,42,25,1,2008
0.719767593,27750,42,25,2,2008
0.54199367,69089,42,25,3,2008
0.641720505,22726,42,25,1,2008
0.641720505,22726,42,25,1,2008
0.650392403,34242,42,25,2,2008
0.563673416,42121,43,25,1,2008
0.667736201,35087,43,25,2,2008
0.489962277,80061,43,25,2,2008
0.628712657,52691,43,25,1,2008
0.550665568,35403,43,25,1,2008
0.67207215,18857,43,25,3,2008
0.520313923,30058,43,25,2,2008
0.581017214,43066,44,25,3,2008
0.585353163,35903,44,25,2,2008
0.581017214,24033,44,25,1,2008
0.711095694,26420,44,25,2,2008
0.381563543,76584,44,25,1,2008
0.693751897,19277,44,25,3,2008
0.550665568,23527,44,25,2,2008
0.572345315,34020,45,25,2,2008
0.624376707,46082,45,25,3,2008
0.568009366,50562,45,25,3,2008
0.485626328,53089,45,25,1,2008
0.433594936,31169,45,25,2,2008
0.509474049,17124,45,25,2,2008
0.585353163,27788,45,25,2,2008
0.60703291,27007,45,25,3,2008
0.585353163,27788,45,25,2,2008
0.57451329,57782,45,25,2,2008
0.511642024,40279,46,25,1,2008
0.54199367,35301,46,25,1,2008
0.572345315,21131,46,25,3,2008
0.511642024,37818,46,25,1,2008
0.581017214,30774,47,25,3,2008
0.481290379,57228,47,25,3,2008
0.498634176,44842,47,25,2,2008
0.786020967,13359,12,25,3,2009
0.754580008,15500,12,25,3,2009
0.826445058,9199,13,25,3,2009
0.889326546,5539,14,25,4,2009
0.85339402,5543,14,25,4,2009
0.898309677,13296,15,25,2,2009
0.819707494,31306,15,25,3,2009
0.920767505,11903,16,25,2,2009
0.817461927,27309,17,25,3,2009
0.943225333,22434,18,25,3,2009
0.77254627,46173,18,25,1,2009
0.651274429,71591,18,25,2,2009
0.597376073,80605,18,25,3,2009
0.979157427,15704,19,25,2,2009
0.979157427,11642,19,25,3,2009
0.795004099,13566,19,25,3,2009
0.925259071,7895,20,25,2,2009
0.786020967,10563,21,25,3,2009
0.871360283,25036,21,25,3,2009
0.655765995,56542,21,25,2,2009
0.736613745,20225,21,25,3,2009
0.842165322,41185,22,25,4,2009
0.77254627,32564,22,25,2,2009
0.774792269,27791,22,25,1,2009
0.625566245,71202,24,25,3,2009
0.750679494,56683,26,25,2,2009
0.733422494,64836,29,25,2,2009
0.690279995,64314,30,25,2,2009
0.694594245,67074,30,25,1,2009
0.681651495,61296,30,25,2,2009
0.703222745,59872,30,25,1,2009
0.720479745,59727,31,25,2,2009
0.981491868,12446,31,25,2,2009
0.724793995,51669,32,25,2,2009
0.638508995,70790,33,25,2,2009
0.579352339,11023,12,25,3,2009
0.579352339,11023,12,25,3,2009
0.784353838,18772,12,25,2,2009
0.784353838,18772,12,25,2,2009
0.824462994,4386,13,25,4,2009
0.824462994,4386,13,25,4,2009
0.824462994,4386,13,25,4,2009
0.779897265,7939,13,25,3,2009
0.779897265,7939,13,25,3,2009
0.828919567,7036,14,25,3,2009
0.820006421,7832,14,25,4,2009
0.766527546,12564,14,25,3,2009
0.735331535,17528,15,25,4,2009
0.784353838,2571,15,25,2,2009
0.784353838,2571,15,25,2,2009
0.730874963,16941,15,25,2,2009
0.730874963,16941,15,25,2,2009
0.766527546,11109,15,25,3,2009
0.724190317,10628,16,25,2,2009
0.713049099,19630,16,25,2,2009
0.813321348,2901,16,25,4,2009
0.701907453,25241,16,25,3,2009
0.7576144,19807,17,25,2,2009
0.655113651,20643,17,25,2,2009
0.717505672,15870,17,25,2,2009
0.66848337,20774,17,25,2,2009
0.66848337,20774,17,25,2,2009
0.739788108,19657,18,25,1,2009
0.664026797,14440,18,25,2,2009
0.724190317,18320,18,25,2,2009
0.619461068,11134,19,25,2,2009
0.623917641,23321,19,25,1,2009
0.739788108,17816,19,25,3,2009
0.659570224,41931,19,25,1,2009
0.579352339,22696,21,25,1,2009
0.724190317,12936,21,25,3,2009
0.686309661,29746,21,25,3,2009
0.557069475,28751,22,25,1,2009
0.632830786,19888,22,25,2,2009
0.570439194,22807,22,25,2,2009
0.570439194,22807,22,25,2,2009
0.632830786,19888,22,25,2,2009
0.748701254,12363,22,25,3,2009
0.686309661,9656,22,25,2,2009
0.775440692,14679,22,25,2,2009
0.552612902,41041,22,25,2,2009
0.664026797,24089,23,25,2,2009
0.721962245,11857,23,25,2,2009
0.724190317,23536,23,25,3,2009
0.646200505,22727,23,25,2,2009
0.713049099,20589,23,25,2,2009
0.631394204,29567,24,25,2,2009
0.599289414,21252,24,25,1,2009
0.599289414,21252,24,25,1,2009
0.633534523,25976,24,25,2,2009
0.650657078,23518,24,25,1,2009
0.565044305,22892,24,25,1,2009
0.637815162,23971,25,25,2,2009
0.633534523,26655,25,25,1,2009
0.633534523,26655,25,25,1,2009
0.710586019,19517,25,25,3,2009
0.710586019,19517,25,25,3,2009
0.727708574,23154,25,25,2,2009
0.738410171,22485,25,25,3,2009
0.599289414,39282,25,25,2,2009
0.556483027,38054,25,25,1,2009
0.684902187,27515,25,25,3,2009
0.753392406,17107,26,25,3,2009
0.727708574,28600,26,25,3,2009
0.727708574,33672,26,25,3,2009
0.543641111,48251,27,25,2,2009
0.642095801,36275,27,25,3,2009
0.642095801,36275,27,25,3,2009
0.642095801,36275,27,25,3,2009
0.719147297,32529,28,25,2,2009
0.684902187,30222,28,25,2,2009
0.659218355,31038,28,25,1,2009
0.753392406,23393,28,25,1,2009
0.706305381,45154,28,25,3,2009
0.633534523,39246,29,25,1,2009
0.717006977,32352,29,25,3,2009
0.663498994,43447,30,25,3,2009
0.684902187,43646,30,25,2,2009
0.779076238,28329,31,25,3,2009
0.727708574,24086,33,25,3,2009
0.475150893,67943,33,25,1,2009
0.517957279,75550,33,25,2,2009
0.599289414,44079,33,25,2,2009
0.539360473,31305,34,25,1,2009
0.607850691,35083,34,25,2,2009
0.556483027,41414,34,25,2,2009
0.556483027,37326,34,25,3,2009
0.642095801,30867,34,25,2,2009
0.513676641,41895,34,25,2,2009
0.573605582,50509,34,25,3,2009
0.487992809,35949,35,25,1,2009
0.569324943,40626,35,25,3,2009
0.586447498,32470,35,25,4,2009
0.48371217,71159,35,25,3,2009
0.48371217,71159,35,25,3,2009
0.962748299,3840,4,27,3,2010
0.960534864,4881,8,27,4,2010
0.960534864,4881,8,27,4,2010
0.92955017,3589,9,27,2,2010
1.053489796,6695,11,27,3,2010
1.053489796,999999,11,27,3,2010
0.818889456,12801,11,27,2,2010
0.765772109,15893,11,27,1,2010
0.850340136,1549,12,27,4,2010
1.045918367,6559,13,27,3,2010
0.994897959,6959,14,27,4,2010
1.031037415,7773,14,27,3,2010
0.778061224,52254,14,27,3,2010
0.952380952,16781,15,27,3,2010
1.020408163,11122,15,27,2,2010
1.020408163,11122,15,27,2,2010
0.952380952,16781,15,27,3,2010
0.882227891,31778,16,27,1,2010
0.807823129,68388,16,27,1,2010
0.977891156,19991,16,27,4,2010
0.977891156,19991,16,27,4,2010
1.037414966,4151,17,27,3,2010
0.977891156,27198,17,27,2,2010
0.977891156,27198,17,27,2,2010
0.850340136,11364,17,27,4,2010
0.850340136,11364,999,27,4,2010
0.969387755,14308,17,27,1,2010
0.977891156,13005,17,27,3,2010
0.969387755,4316,18,27,2,2010
0.969387755,4316,18,27,2,2010
0.905612245,6635,18,27,1,2010
0.884353741,36905,19,27,2,2010
0.982142857,14284,19,27,3,2010
0.982142857,14284,19,27,3,2010
0.982142857,14284,19,27,3,2010
0.977891156,9601,19,27,2,2010
0.882227891,30381,19,27,2,2010
0.882227891,30381,19,27,2,2010
0.850340136,29144,19,27,3,2010
0.850340136,12484,20,27,3,2010
0.850340136,12484,20,27,3,2010
0.850340136,31444,20,27,3,2010
0.754676871,51360,20,27,1,2010
0.754676871,51360,20,27,1,2010
0.765306122,27274,20,27,3,2010
0.637755102,39602,20,27,3,2010
0.909863946,21866,21,27,3,2010
0.892857143,16419,21,27,3,2010
0.850340136,33819,21,27,2,2010
0.948129252,8565,21,27,3,2010
1.031037415,11672,21,27,3,2010
1.009778912,11184,21,27,3,2010
1.031037415,11672,21,27,3,2010
0.820578231,44372,21,27,3,2010
0.87585034,20235,21,27,3,2010
0.68452381,63707,22,27,2,2010
0.799319728,6882,22,27,1,2010
0.722789116,18287,22,27,1,2010
1.007653061,9136,22,27,3,2010
0.901360544,22388,22,27,2,2010
0.818452381,17445,22,27,3,2010
0.646258503,62849,22,27,3,2010
0.807823129,27459,23,27,3,2010
0.93962585,25289,23,27,3,2010
0.846088435,28869,23,27,3,2010
0.739795918,22373,23,27,2,2010
0.884353741,5469,23,27,3,2010
0.841836735,24378,23,27,2,2010
0.840530545,4881,8,27,4,2010
0.670100454,15893,11,27,1,2010
0.755264529,10116,13,27,3,2010
0.91524667,19139,14,27,3,2010
0.833395342,16781,15,27,3,2010
0.892923581,11122,15,27,2,2010
0.892923581,11122,15,27,2,2010
0.833395342,16781,15,27,3,2010
0.941290275,3482,15,27,3,2010
0.772006846,31778,16,27,1,2010
0.855718431,19991,16,27,4,2010
0.892923581,22697,17,27,3,2010
0.744102984,11364,17,27,4,2010
0.848277402,4316,18,27,2,2010
0.9226877,10859,18,27,4,2010
0.736661954,7490,20,27,1,2010
0.814792767,15233,20,27,3,2010
0.558077238,39602,20,27,3,2010
0.751544014,41359,20,27,2,2010
0.599002902,63707,22,27,2,2010
0.881762036,9136,22,27,3,2010
0.6734132,22482,23,27,3,2010
0.706897835,27459,23,27,3,2010
0.706897835,27459,23,27,3,2010
0.69573629,14597,23,27,2,2010
0.773867103,11575,23,27,3,2010
0.781864569,4334,3,27,2,2010
0.725396362,9954,5,27,4,2010
0.842676068,9200,6,27,3,2010
0.833988652,13612,6,27,3,2010
0.721052654,8785,7,27,2,2010
0.69259012,8600,12,27,2,2010
0.792723632,6972,14,27,4,2010
0.801068091,16117,15,27,3,2010
0.801068091,37876,15,27,2,2010
0.776034713,21527,17,27,3,2010
0.709279039,5806,17,27,2,2010
0.742656876,32299,18,27,3,2010
0.751001335,8992,18,27,2,2010
0.742656876,31568,20,27,3,2010
0.667556742,24864,22,27,2,2010
0.801068091,29528,22,27,3,2010
0.730140187,14298,23,27,3,2010
0.675901202,15241,23,27,2,2010
0.659212283,21469,23,27,3,2010
0.937888199,1266,4,25,3,2011
0.869565217,8842,6,25,3,2011
0.919254658,2726,7,25,3,2011
0.919254658,2726,7,25,3,2011
0.919254658,10639,8,25,3,2011
0.919254658,10639,8,25,3,2011
0.894409938,7551,9,25,4,2011
0.830409357,1753,1,25,4,2011
0.81871345,3244,2,25,3,2011
0.81871345,3244,2,25,3,2011
0.830409357,2965,4,25,4,2011
0.766081871,1270,4,25,3,2011
0.760233918,2920,1,25,2,2011
0.789473684,26406,9,25,3,2011
0.745614035,22098,10,25,3,2011
1.044398027,4374,7,25,4,2011
1.044398027,4374,7,25,4,2011
0.911070619,3661,8,25,3,2011
0.906626372,9882,10,25,4,2011
0.933291854,9827,11,25,2,2011
0.116984599,117392,135,22,1,1999
0.137629057,106433,138,22,1,1999
0.137629057,141869,139,22,1,1999
0.116970961,116407,152,25,1,1999
0.102378834,111779,137,25,1,1999
0.175506907,83021,138,25,2,1999
0.121751346,116850,145,25,2,1999
0.119409974,134349,146,25,1,1999
0.168578787,123118,146,25,1,1999
0.051510185,132394,147,25,1,1999
0.088972138,134671,152,25,1,1999
0.095996254,111270,154,25,2,1999
0.625968381,5785,18,25,2,2009
0.915587594,9388,13,25,3,2009
0.769741614,8765,15,25,2,2009
0.907485018,2632,21,25,3,2009
